Date,Close,High,Low,Open
2014-01-02,6221.149902,6358.299805,6211.299805,6301.25
2014-01-03,6211.149902,6221.700195,6171.25,6194.549805
2014-01-06,6191.450195,6224.700195,6170.25,6220.850098
2014-01-07,6162.25,6221.5,6144.75,6203.899902
2014-01-08,6174.600098,6192.100098,6160.350098,6178.049805
2014-01-09,6168.350098,6188.049805,6148.25,6181.700195
2014-01-10,6171.450195,6239.100098,6139.600098,6178.850098
2014-01-13,6272.75,6288.200195,6189.549805,6189.549805
2014-01-14,6241.850098,6280.350098,6234.149902,6260.25
2014-01-15,6320.899902,6325.200195,6265.299805,6265.950195
2014-01-16,6318.899902,6346.5,6299.850098,6341.350098
2014-01-17,6261.649902,6327.100098,6246.350098,6306.25
2014-01-20,6303.950195,6307.450195,6243.350098,6261.75
2014-01-21,6313.799805,6330.299805,6297.899902,6320.149902
2014-01-22,6338.950195,6349.950195,6287.450195,6309.049805
2014-01-23,6345.649902,6355.600098,6316.399902,6325.950195
2014-01-24,6266.75,6331.450195,6263.899902,6301.649902
2014-01-27,6135.850098,6188.549805,6130.25,6186.299805
2014-01-28,6126.25,6163.600098,6085.950195,6131.850098
2014-01-29,6120.25,6170.450195,6109.799805,6161.0
2014-01-30,6073.700195,6082.850098,6027.25,6067.0
2014-01-31,6089.5,6097.850098,6067.350098,6082.75
2014-02-03,6001.799805,6074.850098,5994.450195,6058.799805
2014-02-04,6000.899902,6017.799805,5933.299805,5947.600098
2014-02-05,6022.399902,6028.049805,5962.049805,6004.25
2014-02-06,6036.299805,6048.350098,5965.399902,6028.350098
2014-02-07,6063.200195,6079.950195,6030.899902,6077.649902
2014-02-10,6053.450195,6083.049805,6046.399902,6072.799805
2014-02-11,6062.700195,6081.850098,6053.25,6072.450195
2014-02-12,6084.0,6106.600098,6077.399902,6085.350098
2014-02-13,6001.100098,6094.399902,5991.100098,6087.549805
2014-02-14,6048.350098,6056.399902,5984.600098,6023.75
2014-02-17,6073.299805,6080.649902,6038.299805,6057.100098
2014-02-18,6127.100098,6141.700195,6066.799805,6071.299805
2014-02-19,6152.75,6160.350098,6125.75,6132.049805
2014-02-20,6091.450195,6129.100098,6086.450195,6127.149902
2014-02-21,6155.450195,6159.649902,6108.0,6108.299805
2014-02-24,6186.100098,6191.850098,6130.799805,6140.950195
2014-02-25,6200.049805,6216.850098,6176.600098,6205.700195
2014-02-26,6238.799805,6245.950195,6202.100098,6202.450195
2014-02-28,6276.950195,6282.700195,6228.100098,6228.450195
2014-03-03,6221.450195,6277.75,6212.25,6264.350098
2014-03-04,6297.950195,6302.149902,6215.700195,6216.75
2014-03-05,6328.649902,6336.25,6287.799805,6328.450195
2014-03-06,6401.149902,6406.600098,6339.700195,6344.75
2014-03-07,6526.649902,6537.799805,6413.549805,6413.950195
2014-03-10,6537.25,6562.200195,6487.350098,6491.700195
2014-03-11,6511.899902,6562.850098,6494.25,6537.350098
2014-03-12,6516.899902,6546.149902,6487.299805,6497.5
2014-03-13,6493.100098,6561.450195,6476.649902,6491.75
2014-03-14,6504.200195,6518.450195,6432.700195,6447.25
2014-03-18,6516.649902,6574.950195,6497.649902,6532.450195
2014-03-19,6524.049805,6541.200195,6506.0,6530.0
2014-03-20,6483.100098,6523.649902,6473.25,6508.350098
2014-03-21,6493.200195,6522.899902,6485.700195,6515.200195
2014-03-22,,,,
2014-03-24,6583.5,6591.5,6510.5,6510.5
2014-03-25,6589.75,6595.549805,6544.850098,6550.100098
2014-03-26,6601.399902,6627.450195,6580.600098,6615.649902
2014-03-27,6641.75,6673.950195,6599.5,6613.100098
2014-03-28,6695.899902,6702.600098,6643.799805,6673.049805
2014-03-31,6704.200195,6730.049805,6662.399902,6723.149902
2014-04-01,6721.049805,6732.25,6675.450195,6729.5
2014-04-02,6752.549805,6763.5,6723.600098,6757.600098
2014-04-03,6736.100098,6776.75,6696.899902,6772.049805
2014-04-04,6694.350098,6741.850098,6685.149902,6741.850098
2014-04-07,6695.049805,6725.149902,6650.399902,6694.25
2014-04-09,6796.200195,6808.700195,6705.100098,6722.0
2014-04-10,6796.399902,6819.049805,6777.299805,6803.049805
2014-04-11,6776.299805,6789.350098,6743.149902,6758.350098
2014-04-15,6733.100098,6813.399902,6711.75,6792.700195
2014-04-16,6675.299805,6748.649902,6665.149902,6727.25
2014-04-17,6779.399902,6783.049805,6684.399902,6695.450195
2014-04-21,6817.649902,6825.450195,6786.899902,6789.25
2014-04-22,6815.350098,6838.0,6806.25,6822.899902
2014-04-23,6840.799805,6861.600098,6820.75,6823.25
2014-04-24,,,,
2014-04-25,6782.75,6869.850098,6772.850098,6855.799805
2014-04-28,6761.25,6786.25,6750.299805,6778.549805
2014-04-29,6715.25,6779.700195,6708.649902,6769.0
2014-04-30,6696.399902,6780.149902,6656.799805,6724.950195
2014-05-02,6694.799805,6737.649902,6689.5,6709.950195
2014-05-05,6699.350098,6741.049805,6680.450195,6681.649902
2014-05-06,6715.299805,6743.450195,6701.899902,6719.25
2014-05-07,6652.549805,6718.75,6642.899902,6708.600098
2014-05-08,6659.850098,6688.399902,6638.549805,6669.899902
2014-05-09,6858.799805,6871.350098,6652.149902,6654.149902
2014-05-12,7014.25,7020.049805,6862.899902,6863.399902
2014-05-13,7108.75,7172.350098,7067.149902,7080.0
2014-05-14,7108.75,7142.25,7080.899902,7112.0
2014-05-15,7123.149902,7152.549805,7082.549805,7111.299805
2014-05-16,7203.0,7563.5,7130.649902,7270.200195
2014-05-19,7263.549805,7291.100098,7193.549805,7276.850098
2014-05-20,7275.5,7353.649902,7247.700195,7309.950195
2014-05-21,7252.899902,7287.149902,7206.700195,7274.850098
2014-05-22,7276.399902,7319.549805,7258.149902,7289.950195
2014-05-23,7367.100098,7381.0,7293.899902,7306.5
2014-05-26,7359.049805,7504.0,7269.049805,7428.75
2014-05-27,7318.0,7372.950195,7274.75,7363.100098
2014-05-28,7329.649902,7344.75,7302.600098,7324.950195
2014-05-29,7235.649902,7325.399902,7224.399902,7316.600098
2014-05-30,7229.950195,7272.5,7118.450195,7254.850098
2014-06-02,7362.5,7368.600098,7239.5,7264.049805
2014-06-03,7415.850098,7424.950195,7342.149902,7375.350098
2014-06-04,7402.25,7433.299805,7391.350098,7417.549805
2014-06-05,7474.100098,7484.700195,7360.5,7399.75
2014-06-06,7583.399902,7592.700195,7497.649902,7521.5
2014-06-09,7654.600098,7673.700195,7580.25,7621.649902
2014-06-10,7656.399902,7683.200195,7579.299805,7679.049805
2014-06-11,7626.850098,7700.049805,7589.049805,7672.399902
2014-06-12,7649.899902,7658.0,7593.799805,7641.299805
2014-06-13,7542.100098,7678.5,7525.350098,7668.200195
2014-06-16,7533.549805,7548.600098,7487.549805,7534.799805
2014-06-17,7631.700195,7637.600098,7509.25,7525.049805
2014-06-18,7558.200195,7663.0,7515.5,7636.049805
2014-06-19,7540.700195,7606.450195,7502.549805,7580.049805
2014-06-20,7511.450195,7560.549805,7497.299805,7543.299805
2014-06-23,7493.350098,7534.799805,7441.600098,7514.0
2014-06-24,7580.200195,7593.350098,7515.200195,7515.200195
2014-06-25,7569.25,7589.25,7557.049805,7588.549805
2014-06-26,7493.200195,7570.200195,7481.299805,7554.100098
2014-06-27,7508.799805,7538.75,7482.299805,7514.200195
2014-06-30,7611.350098,7623.649902,7531.600098,7534.049805
2014-07-01,7634.700195,7649.5,7618.149902,7629.0
2014-07-02,7725.149902,7732.399902,7677.299805,7683.049805
2014-07-03,7714.799805,7754.649902,7706.799805,7734.350098
2014-07-04,7751.600098,7758.0,7661.299805,7718.100098
2014-07-07,7787.149902,7792.0,7755.100098,7780.399902
2014-07-08,7623.200195,7808.850098,7595.899902,7804.049805
2014-07-09,7585.0,7650.100098,7551.649902,7637.950195
2014-07-10,7567.75,7731.049805,7479.049805,7589.5
2014-07-11,7459.600098,7625.850098,7447.200195,7584.100098
2014-07-14,7454.149902,7478.450195,7422.149902,7469.0
2014-07-15,7526.649902,7534.899902,7459.149902,7491.299805
2014-07-16,7624.399902,7640.100098,7532.450195,7564.149902
2014-07-17,7640.450195,7655.649902,7612.700195,7612.700195
2014-07-18,7663.899902,7685.0,7595.5,7630.25
2014-07-21,7684.200195,7722.100098,7674.0,7701.649902
2014-07-22,7767.850098,7773.850098,7704.799805,7708.200195
2014-07-23,7795.75,7809.200195,7752.899902,7794.899902
2014-07-24,7830.600098,7835.649902,7771.649902,7796.25
2014-07-25,7790.450195,7840.950195,7748.600098,7828.200195
2014-07-28,7748.700195,7799.899902,7722.649902,7792.899902
2014-07-30,7791.399902,7798.700195,7707.600098,7746.200195
2014-07-31,7721.299805,7791.850098,7711.149902,7784.649902
2014-08-01,7602.600098,7716.700195,7593.899902,7662.5
2014-08-04,7683.649902,7694.799805,7622.049805,7639.549805
2014-08-05,7746.549805,7752.450195,7638.049805,7706.649902
2014-08-06,7672.049805,7740.950195,7658.950195,7726.149902
2014-08-07,7649.25,7708.950195,7630.399902,7651.149902
2014-08-08,7568.549805,7592.450195,7540.100098,7588.700195
2014-08-11,7625.950195,7635.549805,7598.600098,7619.850098
2014-08-12,7727.049805,7735.75,7654.799805,7688.799805
2014-08-13,7739.549805,7757.100098,7695.700195,7717.299805
2014-08-14,7791.700195,7796.700195,7739.100098,7756.149902
2014-08-18,7874.25,7880.5,7779.200195,7785.25
2014-08-19,7897.5,7918.549805,7881.149902,7901.0
2014-08-20,7875.299805,7922.700195,7864.049805,7915.799805
2014-08-21,7891.100098,7919.649902,7855.950195,7875.350098
2014-08-22,7913.200195,7929.049805,7900.049805,7904.549805
2014-08-25,7906.299805,7968.25,7897.950195,7931.75
2014-08-26,7904.75,7915.450195,7862.450195,7874.5
2014-08-27,7936.049805,7946.850098,7916.549805,7933.899902
2014-08-28,7954.350098,7967.799805,7939.200195,7942.25
2014-09-01,8027.700195,8035.0,7984.0,7990.350098
2014-09-02,8083.049805,8101.950195,8036.549805,8038.600098
2014-09-03,8114.600098,8141.899902,8092.25,8110.850098
2014-09-04,8095.950195,8114.799805,8060.899902,8114.200195
2014-09-05,8086.850098,8122.700195,8049.850098,8099.899902
2014-09-08,8173.899902,8180.200195,8126.149902,8132.950195
2014-09-09,8152.950195,8174.549805,8126.5,8161.899902
2014-09-10,8094.100098,8135.75,8082.100098,8135.549805
2014-09-11,8085.700195,8127.950195,8057.299805,8115.149902
2014-09-12,8105.5,8114.299805,8071.600098,8087.049805
2014-09-15,8042.0,8077.299805,8030.0,8070.350098
2014-09-16,7932.899902,8044.899902,7925.149902,8036.600098
2014-09-17,7975.5,7990.649902,7936.950195,7971.5
2014-09-18,8114.75,8120.850098,7939.700195,7950.649902
2014-09-19,8121.450195,8160.899902,8105.350098,8129.399902
2014-09-22,8146.299805,8159.899902,8064.799805,8084.450195
2014-09-23,8017.549805,8159.75,8008.100098,8144.399902
2014-09-24,8002.399902,8042.049805,7950.049805,8015.549805
2014-09-25,7911.850098,8019.299805,7877.350098,8003.299805
2014-09-26,7968.850098,7993.299805,7841.799805,7885.850098
2014-09-29,7958.899902,7991.75,7934.700195,7978.450195
2014-09-30,7964.799805,8030.899902,7923.850098,7948.799805
2014-10-01,7945.549805,7977.5,7936.700195,7960.5
2014-10-07,7852.399902,7943.049805,7842.700195,7897.399902
2014-10-08,7842.700195,7869.899902,7815.75,7828.75
2014-10-09,7960.549805,7972.350098,7886.5,7886.5
2014-10-10,7859.950195,7924.049805,7848.450195,7911.0
2014-10-13,7884.25,7901.149902,7796.0,7831.0
2014-10-14,7864.0,7928.0,7825.450195,7923.25
2014-10-15,,,,
2014-10-16,7748.200195,7893.899902,7729.649902,7837.299805
2014-10-17,7779.700195,7819.200195,7723.850098,7733.75
2014-10-20,7879.399902,7905.950195,7856.950195,7896.950195
2014-10-21,7927.75,7936.600098,7874.350098,7906.149902
2014-10-22,7995.899902,8005.0,7974.549805,7997.799805
2014-10-27,7991.700195,8064.399902,7985.649902,8027.700195
2014-10-28,8027.600098,8037.799805,7995.049805,8002.399902
2014-10-29,8090.450195,8097.950195,8052.25,8077.049805
2014-10-30,8169.200195,8181.549805,8085.200195,8085.200195
2014-10-31,8322.200195,8330.75,8198.049805,8200.799805
2014-11-03,8324.150391,8350.599609,8297.650391,8348.150391
2014-11-05,8338.299805,8365.549805,8323.5,8351.25
2014-11-07,8337.0,8360.349609,8290.25,8331.849609
2014-11-10,8344.25,8383.049805,8304.450195,8337.799805
2014-11-11,8362.650391,8378.700195,8321.849609,8354.099609
2014-11-12,8383.299805,8415.049805,8370.5,8378.900391
2014-11-13,8357.849609,8408.0,8320.349609,8405.25
2014-11-14,8389.900391,8400.650391,8346.799805,8360.700195
2014-11-17,8430.75,8438.099609,8349.099609,8378.400391
2014-11-18,8425.900391,8454.5,8407.25,8441.25
2014-11-19,8382.299805,8455.650391,8360.5,8440.650391
2014-11-20,8401.900391,8410.849609,8353.150391,8406.5
2014-11-21,8477.349609,8489.799805,8398.599609,8408.200195
2014-11-24,8530.150391,8534.650391,8490.799805,8490.950195
2014-11-25,8463.099609,8535.349609,8429.450195,8530.799805
2014-11-26,8475.75,8500.299805,8438.650391,8450.299805
2014-11-27,8494.200195,8506.75,8456.349609,8477.799805
2014-11-28,8588.25,8617.0,8516.25,8516.799805
2014-12-01,8555.900391,8623.0,8545.150391,8605.099609
2014-12-02,8524.700195,8560.200195,8504.650391,8535.450195
2014-12-03,8537.650391,8546.950195,8508.349609,8528.700195
2014-12-04,8564.400391,8626.950195,8526.400391,8582.400391
2014-12-05,8538.299805,8588.349609,8523.900391,8584.25
2014-12-08,8438.25,8546.349609,8432.25,8538.650391
2014-12-09,8340.700195,8444.5,8330.5,8439.299805
2014-12-10,8355.650391,8376.799805,8317.0,8318.049805
2014-12-11,8292.900391,8348.299805,8272.400391,8338.849609
2014-12-12,8224.099609,8321.900391,8216.299805,8302.0
2014-12-15,8219.599609,8242.400391,8152.5,8160.75
2014-12-16,8067.600098,8189.350098,8052.600098,8172.600098
2014-12-17,8029.799805,8082.0,7961.350098,8041.200195
2014-12-18,8159.299805,8174.299805,8084.899902,8138.899902
2014-12-19,8225.200195,8263.450195,8208.599609,8230.450195
2014-12-22,8324.0,8330.950195,8228.200195,8255.0
2014-12-23,8267.0,8364.75,8252.849609,8324.599609
2014-12-24,8174.100098,8286.400391,8155.25,8272.049805
2014-12-26,8200.700195,8234.549805,8147.950195,8204.799805
2014-12-29,8246.299805,8279.150391,8214.700195,8214.700195
2014-12-30,8248.25,8268.25,8220.549805,8260.299805
2014-12-31,8282.700195,8291.0,8243.75,8243.900391
2015-01-01,,,,
2015-01-02,8395.450195,8410.599609,8288.700195,8288.700195
2015-01-05,8378.400391,8445.599609,8363.900391,8407.950195
2015-01-06,8127.350098,8327.849609,8111.350098,8325.299805
2015-01-07,8102.100098,8151.200195,8065.450195,8118.649902
2015-01-08,8234.599609,8243.5,8167.299805,8191.399902
2015-01-09,8284.5,8303.299805,8190.799805,8285.450195
2015-01-12,8323.0,8332.599609,8245.599609,8291.349609
2015-01-13,8299.400391,8356.650391,8267.900391,8346.150391
2015-01-14,8277.549805,8326.450195,8236.650391,8307.25
2015-01-15,8494.150391,8527.099609,8380.549805,8424.5
2015-01-16,8513.799805,8530.75,8452.25,8504.049805
2015-01-19,8550.700195,8570.950195,8531.5,8550.049805
2015-01-20,8695.599609,8707.900391,8574.5,8575.099609
2015-01-21,8729.5,8741.849609,8689.599609,8719.650391
2015-01-22,8761.400391,8774.150391,8727.0,8745.849609
2015-01-23,8835.599609,8866.400391,8795.400391,8827.950195
2015-01-27,8910.5,8925.049805,8825.450195,8871.349609
2015-01-28,8914.299805,8985.049805,8874.049805,8902.75
2015-01-29,8952.349609,8966.650391,8861.25,8901.5
2015-01-30,8808.900391,8996.599609,8775.099609,8996.599609
2015-02-02,8797.400391,8840.799805,8751.099609,8802.5
2015-02-03,8756.549805,8837.299805,8726.650391,8823.150391
2015-02-04,8723.700195,8792.849609,8704.400391,8789.150391
2015-02-05,8711.700195,8838.450195,8683.650391,8733.099609
2015-02-06,8661.049805,8726.200195,8645.549805,8696.849609
2015-02-09,8526.349609,8605.549805,8516.349609,8584.400391
2015-02-10,8565.549805,8646.25,8470.5,8478.099609
2015-02-11,8627.400391,8651.950195,8593.650391,8603.299805
2015-02-12,8711.549805,8732.549805,8599.25,8676.950195
2015-02-13,8805.5,8822.099609,8729.650391,8741.5
2015-02-16,8809.349609,8870.099609,8793.400391,8831.400391
2015-02-18,8869.099609,8894.299805,8808.900391,8811.549805
2015-02-19,8895.299805,8913.450195,8794.450195,8883.049805
2015-02-20,8833.599609,8899.950195,8816.299805,8895.5
2015-02-23,8754.950195,8869.0,8736.099609,8856.849609
2015-02-24,8762.099609,8800.5,8726.75,8772.900391
2015-02-25,8767.25,8840.650391,8751.400391,8801.900391
2015-02-26,8683.849609,8786.049805,8669.450195,8779.0
2015-02-27,8844.599609,8856.950195,8717.450195,8729.5
2015-02-28,,,,
2015-03-02,8956.75,8972.349609,8885.450195,8953.849609
2015-03-03,8996.25,9008.400391,8925.549805,8962.849609
2015-03-04,8922.650391,9119.200195,8893.950195,9109.150391
2015-03-05,8937.75,8957.549805,8849.349609,8929.400391
2015-03-09,8756.75,8891.299805,8740.450195,8891.150391
2015-03-10,8712.049805,8778.0,8677.349609,8769.75
2015-03-11,8699.950195,8755.599609,8682.349609,8728.75
2015-03-12,8776.0,8787.200195,8732.900391,8740.650391
2015-03-13,8647.75,8849.75,8631.75,8844.049805
2015-03-16,8633.150391,8663.549805,8612.0,8656.75
2015-03-17,8723.299805,8742.549805,8630.799805,8689.099609
2015-03-18,8685.900391,8747.25,8664.0,8742.900391
2015-03-19,8634.650391,8788.200195,8614.650391,8749.450195
2015-03-20,8570.900391,8627.900391,8553.0,8627.900391
2015-03-23,8550.900391,8608.349609,8540.549805,8591.549805
2015-03-24,8542.950195,8627.75,8535.849609,8537.049805
2015-03-25,8530.799805,8573.75,8516.549805,8568.900391
2015-03-26,8342.150391,8499.450195,8325.349609,8474.950195
2015-03-27,8341.400391,8413.200195,8269.150391,8396.0
2015-03-30,8492.299805,8492.299805,8380.75,8390.950195
2015-03-31,8491.0,8550.450195,8454.150391,8527.599609
2015-04-01,8586.25,8603.400391,8464.75,8483.700195
2015-04-06,8659.900391,8667.549805,8573.75,8615.799805
2015-04-07,8660.299805,8693.599609,8586.849609,8684.450195
2015-04-08,8714.400391,8730.5,8679.799805,8698.950195
2015-04-09,8778.299805,8785.5,8682.450195,8756.200195
2015-04-10,8780.349609,8787.400391,8733.599609,8774.349609
2015-04-13,8834.0,8841.650391,8762.099609,8801.75
2015-04-15,,,,
2015-04-16,8706.700195,8760.0,8645.650391,8757.049805
2015-04-17,8606.0,8699.849609,8596.700195,8698.049805
2015-04-20,8448.099609,8619.950195,8422.75,8618.799805
2015-04-21,8377.75,8469.349609,8352.700195,8416.099609
2015-04-22,8429.700195,8449.950195,8284.700195,8400.400391
2015-04-23,8398.299805,8504.950195,8361.849609,8478.200195
2015-04-24,8305.25,8413.299805,8273.349609,8405.700195
2015-04-27,8213.799805,8334.450195,8202.349609,8330.549805
2015-04-28,8285.599609,8308.0,8185.149902,8215.549805
2015-04-29,8239.75,8308.200195,8219.200195,8274.799805
2015-04-30,8181.5,8229.400391,8144.75,8224.5
2015-05-04,8331.950195,8346.0,8220.450195,8230.049805
2015-05-05,8324.799805,8355.650391,8280.599609,8338.400391
2015-05-06,8097.0,8331.950195,8083.0,8316.599609
2015-05-07,8057.299805,8122.600098,7997.149902,8077.0
2015-05-08,8191.5,8224.950195,8123.450195,8131.5
2015-05-11,8325.25,8332.75,8224.650391,8243.200195
2015-05-12,8126.950195,8326.650391,8115.299805,8326.150391
2015-05-13,8235.450195,8254.950195,8089.799805,8181.549805
2015-05-14,8224.200195,8236.25,8137.299805,8232.450195
2015-05-15,8262.349609,8279.200195,8212.200195,8240.299805
2015-05-18,8373.650391,8384.599609,8271.950195,8284.950195
2015-05-19,8365.650391,8427.799805,8335.0,8356.200195
2015-05-20,8423.25,8440.349609,8391.450195,8392.650391
2015-05-21,8421.0,8446.349609,8382.5,8434.5
2015-05-22,8458.950195,8489.549805,8420.599609,8432.5
2015-05-25,8370.25,8441.950195,8364.150391,8438.150391
2015-05-26,8339.349609,8378.900391,8320.049805,8377.099609
2015-05-27,8334.599609,8342.849609,8277.950195,8302.75
2015-05-28,8319.0,8364.5,8270.150391,8345.700195
2015-05-29,8433.650391,8443.900391,8305.700195,8327.099609
2015-06-01,8433.400391,8467.150391,8405.400391,8417.25
2015-06-02,8236.450195,8445.349609,8226.049805,8442.799805
2015-06-03,8135.100098,8236.700195,8094.149902,8232.450195
2015-06-04,8130.649902,8160.049805,8056.75,8155.149902
2015-06-05,8114.700195,8191.0,8100.149902,8119.149902
2015-06-08,8044.149902,8131.0,8030.549805,8124.350098
2015-06-09,8022.399902,8057.149902,8005.149902,8026.5
2015-06-10,8124.450195,8152.25,8023.799805,8024.149902
2015-06-11,7965.350098,8163.049805,7958.25,8157.299805
2015-06-12,7982.899902,7995.600098,7940.299805,7959.850098
2015-06-15,8013.899902,8057.700195,7944.850098,7986.600098
2015-06-16,8047.299805,8061.850098,7952.350098,8004.200195
2015-06-17,8091.549805,8136.850098,8048.950195,8084.200195
2015-06-18,8174.600098,8186.899902,8101.799805,8113.700195
2015-06-19,8224.950195,8250.799805,8195.650391,8201.150391
2015-06-22,8353.099609,8369.450195,8257.400391,8259.299805
2015-06-23,8381.549805,8398.450195,8334.950195,8377.450195
2015-06-24,8360.849609,8421.349609,8338.900391,8399.400391
2015-06-25,8398.0,8423.150391,8329.5,8336.25
2015-06-26,8381.099609,8408.549805,8339.700195,8393.950195
2015-06-29,8318.400391,8329.450195,8195.650391,8247.049805
2015-06-30,8368.5,8378.0,8298.950195,8316.349609
2015-07-01,8453.049805,8481.599609,8370.150391,8376.25
2015-07-02,8444.900391,8479.25,8433.200195,8471.950195
2015-07-03,8484.900391,8497.75,8424.150391,8440.099609
2015-07-06,8522.150391,8533.150391,8386.150391,8386.150391
2015-07-07,8510.799805,8561.349609,8483.849609,8525.5
2015-07-08,8363.049805,8457.5,8341.400391,8439.200195
2015-07-09,8328.549805,8400.299805,8323.0,8364.849609
2015-07-10,8360.549805,8377.099609,8315.400391,8365.700195
2015-07-13,8459.650391,8471.650391,8355.400391,8397.25
2015-07-14,8454.099609,8480.25,8424.099609,8470.599609
2015-07-15,8523.799805,8531.400391,8462.950195,8463.400391
2015-07-16,8608.049805,8616.099609,8542.900391,8546.150391
2015-07-17,8609.849609,8642.950195,8593.150391,8623.650391
2015-07-20,8603.450195,8624.099609,8559.0,8623.900391
2015-07-21,8529.450195,8646.75,8517.900391,8601.5
2015-07-22,8633.5,8643.900391,8498.650391,8512.25
2015-07-23,8589.799805,8654.75,8573.799805,8643.950195
2015-07-24,8521.549805,8589.150391,8513.5,8588.150391
2015-07-27,8361.0,8492.200195,8351.549805,8492.099609
2015-07-28,8337.0,8397.400391,8321.75,8371.099609
2015-07-29,8375.049805,8381.5,8338.450195,8365.599609
2015-07-30,8421.799805,8458.900391,8408.299805,8417.0
2015-07-31,8532.849609,8548.950195,8448.0,8456.099609
2015-08-03,8543.049805,8563.950195,8508.099609,8510.650391
2015-08-04,8516.900391,8565.150391,8448.25,8564.099609
2015-08-05,8567.950195,8591.849609,8545.849609,8547.450195
2015-08-06,8588.650391,8606.299805,8551.5,8585.799805
2015-08-07,8564.599609,8595.950195,8552.700195,8580.799805
2015-08-10,8525.599609,8621.549805,8497.799805,8577.0
2015-08-11,8462.349609,8556.25,8441.299805,8548.450195
2015-08-12,8349.450195,8446.950195,8337.950195,8445.700195
2015-08-13,8355.849609,8429.5,8339.75,8384.450195
2015-08-14,8518.549805,8530.099609,8381.200195,8402.349609
2015-08-17,8477.299805,8530.599609,8428.049805,8530.5
2015-08-18,8466.549805,8525.75,8433.599609,8505.849609
2015-08-19,8495.150391,8520.450195,8425.950195,8468.049805
2015-08-20,8372.75,8501.349609,8359.75,8471.049805
2015-08-21,8299.950195,8322.200195,8225.049805,8305.400391
2015-08-24,7809.0,8060.049805,7769.399902,8055.950195
2015-08-25,7880.700195,7925.399902,7667.25,7895.399902
2015-08-26,7791.850098,7930.049805,7777.100098,7865.25
2015-08-27,7948.950195,7963.600098,7862.299805,7921.600098
2015-08-28,8001.950195,8091.799805,7961.649902,8053.700195
2015-08-31,7971.299805,8043.600098,7947.950195,8009.25
2015-09-01,7785.850098,7929.100098,7746.5,7907.950195
2015-09-02,7717.0,7862.549805,7699.25,7856.649902
2015-09-03,7823.0,7845.600098,7754.049805,7774.450195
2015-09-04,7655.049805,7804.899902,7626.850098,7803.399902
2015-09-07,7558.799805,7705.049805,7545.899902,7685.850098
2015-09-08,7688.25,7720.899902,7539.5,7587.700195
2015-09-09,7818.600098,7846.049805,7764.549805,7805.850098
2015-09-10,7788.100098,7819.850098,7678.5,7729.049805
2015-09-11,7789.299805,7864.850098,7759.899902,7833.799805
2015-09-14,7872.25,7879.950195,7761.850098,7811.100098
2015-09-15,7829.100098,7880.0,7799.75,7867.350098
2015-09-16,7899.149902,7913.899902,7853.299805,7886.850098
2015-09-18,7981.899902,8055.0,7955.850098,7967.450195
2015-09-21,7977.100098,7987.899902,7908.350098,7911.5
2015-09-22,7812.0,8021.600098,7787.75,8014.799805
2015-09-23,7845.950195,7882.899902,7723.25,7737.350098
2015-09-24,7868.5,7894.5,7804.100098,7838.399902
2015-09-28,7795.700195,7893.950195,7787.950195,7892.799805
2015-09-29,7843.299805,7926.549805,7691.200195,7725.700195
2015-09-30,7948.899902,7957.700195,7874.5,7924.25
2015-10-01,7950.899902,8008.25,7930.649902,7992.049805
2015-10-05,8119.299805,8128.899902,8005.100098,8005.100098
2015-10-06,8152.899902,8180.950195,8096.5,8180.450195
2015-10-07,8177.399902,8188.899902,8132.899902,8146.200195
2015-10-08,8129.350098,8196.75,8105.850098,8196.75
2015-10-09,8189.700195,8232.200195,8139.649902,8186.350098
2015-10-12,8143.600098,8244.5,8128.200195,8231.5
2015-10-13,8131.700195,8150.25,8088.600098,8121.950195
2015-10-14,8107.899902,8139.299805,8096.350098,8102.399902
2015-10-15,8179.5,8190.549805,8129.799805,8134.350098
2015-10-16,8238.150391,8246.400391,8147.649902,8193.650391
2015-10-19,8275.049805,8283.049805,8239.200195,8262.549805
2015-10-20,8261.650391,8294.049805,8229.200195,8280.299805
2015-10-21,8251.700195,8294.400391,8217.150391,8258.349609
2015-10-23,8295.450195,8328.099609,8280.75,8308.25
2015-10-26,8260.549805,8336.299805,8252.049805,8333.650391
2015-10-27,8232.900391,8241.950195,8217.049805,8230.349609
2015-10-28,8171.200195,8209.099609,8131.799805,8188.899902
2015-10-29,8111.75,8179.600098,8098.0,8175.450195
2015-10-30,8065.799805,8146.100098,8044.399902,8123.549805
2015-11-02,8050.799805,8060.700195,7995.600098,8054.549805
2015-11-03,8060.700195,8100.350098,8031.75,8086.350098
2015-11-04,8040.200195,8116.100098,8027.299805,8104.899902
2015-11-05,7955.450195,8031.200195,7944.100098,8030.350098
2015-11-06,7954.299805,8002.649902,7926.149902,7956.549805
2015-11-09,7915.200195,7937.75,7771.700195,7788.25
2015-11-10,7783.350098,7885.100098,7772.850098,7877.600098
2015-11-13,7762.25,7847.950195,7730.899902,7838.799805
2015-11-16,7806.600098,7838.850098,7714.149902,7732.950195
2015-11-17,7837.549805,7860.450195,7793.0,7848.75
2015-11-18,7731.799805,7843.399902,7725.049805,7823.149902
2015-11-19,7842.75,7854.899902,7765.450195,7788.5
2015-11-20,7856.549805,7906.950195,7817.799805,7841.899902
2015-11-23,7849.25,7877.5,7825.200195,7869.5
2015-11-24,7831.600098,7870.350098,7812.649902,7837.0
2015-11-26,7883.799805,7897.100098,7832.0,7837.149902
2015-11-27,7942.700195,7959.299805,7879.450195,7910.600098
2015-11-30,7935.25,7966.0,7922.799805,7936.25
2015-12-01,7954.899902,7972.149902,7934.149902,7958.149902
2015-12-02,7931.350098,7979.299805,7910.799805,7976.700195
2015-12-03,7864.149902,7912.299805,7853.299805,7902.299805
2015-12-04,7781.899902,7821.399902,7775.700195,7817.600098
2015-12-07,7765.399902,7825.399902,7746.049805,7816.549805
2015-12-08,7701.700195,7771.25,7685.450195,7738.5
2015-12-09,7612.5,7702.850098,7606.899902,7695.5
2015-12-10,7683.299805,7691.950195,7610.0,7643.299805
2015-12-11,7610.450195,7703.049805,7575.299805,7699.600098
2015-12-14,7650.049805,7663.950195,7551.049805,7558.200195
2015-12-15,7700.899902,7705.0,7625.100098,7659.149902
2015-12-16,7750.899902,7776.600098,7715.75,7725.25
2015-12-17,7844.350098,7852.899902,7737.549805,7783.049805
2015-12-18,7761.950195,7836.149902,7753.350098,7828.899902
2015-12-21,7834.450195,7840.75,7733.450195,7745.649902
2015-12-22,7786.100098,7846.299805,7776.850098,7829.399902
2015-12-23,7865.950195,7871.450195,7826.100098,7830.450195
2015-12-24,7861.049805,7888.75,7835.5,7888.75
2015-12-28,7925.149902,7937.200195,7863.0,7863.200195
2015-12-29,7928.950195,7942.149902,7902.75,7929.200195
2015-12-30,7896.25,7944.75,7889.850098,7938.600098
2015-12-31,7946.350098,7955.549805,7891.149902,7897.799805
2016-01-01,,,,
2016-01-04,7791.299805,7937.549805,7781.100098,7924.549805
2016-01-05,7784.649902,7831.200195,7763.25,7828.399902
2016-01-06,7741.0,7800.950195,7721.200195,7788.049805
2016-01-07,7568.299805,7674.950195,7556.600098,7673.350098
2016-01-08,7601.350098,7634.100098,7581.049805,7611.649902
2016-01-11,7563.850098,7605.100098,7494.350098,7527.450195
2016-01-12,7510.299805,7588.299805,7487.799805,7587.200195
2016-01-13,7562.399902,7590.950195,7425.799805,7557.899902
2016-01-14,7536.799805,7604.799805,7443.799805,7467.399902
2016-01-15,7437.799805,7566.5,7427.299805,7561.649902
2016-01-18,7351.0,7463.649902,7336.399902,7420.350098
2016-01-19,7435.100098,7462.75,7364.149902,7381.799805
2016-01-20,7309.299805,7470.899902,7241.5,7357.0
2016-01-21,7276.799805,7398.700195,7250.0,7376.649902
2016-01-22,7422.450195,7433.399902,7327.600098,7355.700195
2016-01-25,7436.149902,7487.149902,7421.200195,7468.75
2016-01-27,7437.75,7477.899902,7419.700195,7469.600098
2016-01-28,7424.649902,7468.850098,7409.600098,7426.5
2016-01-29,7563.549805,7575.649902,7402.799805,7413.350098
2016-02-01,7555.950195,7600.450195,7541.25,7589.5
2016-02-02,7455.549805,7576.299805,7428.049805,7566.649902
2016-02-03,7361.799805,7419.399902,7350.299805,7392.450195
2016-02-04,7404.0,7457.049805,7365.950195,7411.450195
2016-02-05,7489.100098,7503.149902,7406.649902,7418.25
2016-02-08,7387.25,7512.549805,7363.200195,7489.700195
2016-02-09,7298.200195,7323.450195,7275.149902,7303.950195
2016-02-10,7215.700195,7271.850098,7177.75,7264.299805
2016-02-11,6976.350098,7208.649902,6959.950195,7203.600098
2016-02-12,6980.950195,7034.799805,6869.0,7023.649902
2016-02-15,7162.950195,7182.799805,7056.799805,7057.350098
2016-02-16,7048.25,7204.649902,7037.700195,7201.25
2016-02-17,7108.450195,7123.700195,6960.649902,7058.850098
2016-02-18,7191.75,7215.100098,7127.850098,7177.399902
2016-02-19,7210.75,7226.850098,7145.950195,7170.549805
2016-02-22,7234.549805,7252.399902,7200.700195,7208.850098
2016-02-23,7109.549805,7241.700195,7090.700195,7240.299805
2016-02-24,7018.700195,7090.799805,7009.75,7075.0
2016-02-25,6970.600098,7034.200195,6961.399902,7029.850098
2016-02-26,7029.75,7052.899902,6985.100098,7039.299805
2016-02-29,6987.049805,7094.600098,6825.799805,7050.450195
2016-03-01,7222.299805,7235.5,7035.100098,7038.25
2016-03-02,7368.850098,7380.350098,7308.149902,7321.700195
2016-03-03,7475.600098,7483.950195,7406.049805,7429.549805
2016-03-04,7485.350098,7505.899902,7444.100098,7505.399902
2016-03-08,7485.299805,7527.149902,7442.149902,7486.399902
2016-03-09,7531.799805,7539.0,7424.299805,7436.100098
2016-03-10,7486.149902,7547.100098,7447.399902,7545.350098
2016-03-11,7510.200195,7543.950195,7460.600098,7484.850098
2016-03-14,7538.75,7583.700195,7515.049805,7542.600098
2016-03-15,7460.600098,7545.200195,7452.799805,7535.850098
2016-03-16,7498.75,7508.0,7405.149902,7457.049805
2016-03-17,7512.549805,7585.299805,7479.399902,7557.399902
2016-03-18,7604.350098,7613.600098,7517.899902,7534.649902
2016-03-21,7704.25,7713.549805,7617.700195,7619.200195
2016-03-22,7714.899902,7728.200195,7643.799805,7695.549805
2016-03-23,7716.5,7726.850098,7670.600098,7717.450195
2016-03-28,7615.100098,7749.399902,7587.700195,7741.0
2016-03-29,7597.0,7652.899902,7582.25,7606.549805
2016-03-30,7735.200195,7741.950195,7643.450195,7651.100098
2016-03-31,7738.399902,7777.600098,7702.0,7727.649902
2016-04-01,7713.049805,7740.149902,7666.100098,7718.049805
2016-04-04,7758.799805,7764.450195,7704.399902,7733.149902
2016-04-05,7603.200195,7736.299805,7588.649902,7736.299805
2016-04-06,7614.350098,7638.649902,7591.75,7636.049805
2016-04-07,7546.450195,7630.75,7535.850098,7630.399902
2016-04-08,7555.200195,7569.350098,7526.700195,7542.350098
2016-04-11,7671.399902,7678.799805,7516.850098,7577.799805
2016-04-12,7708.950195,7717.399902,7663.350098,7669.25
2016-04-13,7850.450195,7864.799805,7772.200195,7777.149902
2016-04-18,7914.700195,7920.600098,7842.75,7908.149902
2016-04-20,7914.75,7950.399902,7877.549805,7950.049805
2016-04-21,7912.049805,7978.450195,7884.100098,7953.649902
2016-04-22,7899.299805,7923.350098,7873.350098,7891.799805
2016-04-25,7855.049805,7911.0,7827.0,7894.799805
2016-04-26,7962.649902,7974.5,7822.549805,7828.149902
2016-04-27,7979.899902,7991.0,7940.549805,7942.0
2016-04-28,7847.25,7992.0,7834.450195,7967.399902
2016-04-29,7849.799805,7889.049805,7788.700195,7844.25
2016-05-02,7805.899902,7829.799805,7777.299805,7822.700195
2016-05-03,7747.0,7890.25,7735.149902,7824.799805
2016-05-04,7706.549805,7749.0,7697.25,7724.149902
2016-05-05,7735.5,7777.549805,7706.850098,7731.0
2016-05-06,7733.450195,7738.899902,7678.350098,7717.649902
2016-05-09,7866.049805,7873.649902,7753.549805,7755.25
2016-05-10,7887.799805,7896.899902,7837.700195,7873.549805
2016-05-11,7848.850098,7893.100098,7780.899902,7804.649902
2016-05-12,7900.399902,7916.049805,7849.649902,7871.450195
2016-05-13,7814.899902,7881.0,7784.200195,7881.0
2016-05-16,7860.75,7873.899902,7772.149902,7831.200195
2016-05-17,7890.75,7940.100098,7879.700195,7896.850098
2016-05-18,7870.149902,7882.049805,7810.75,7846.75
2016-05-19,7783.399902,7876.200195,7766.799805,7875.5
2016-05-20,7749.700195,7812.399902,7735.75,7792.200195
2016-05-23,7731.049805,7820.600098,7722.200195,7813.950195
2016-05-24,7748.850098,7761.549805,7715.799805,7738.049805
2016-05-25,7934.899902,7941.200195,7809.299805,7811.799805
2016-05-26,8069.649902,8083.0,7948.5,7974.450195
2016-05-27,8156.649902,8164.200195,8077.049805,8081.950195
2016-05-30,8178.5,8200.0,8150.799805,8166.5
2016-05-31,8160.100098,8213.599609,8134.299805,8209.849609
2016-06-01,8179.950195,8215.349609,8171.049805,8179.200195
2016-06-02,8218.950195,8229.5,8154.75,8156.899902
2016-06-03,8220.799805,8262.0,8209.849609,8246.200195
2016-06-06,8201.049805,8234.700195,8186.049805,8228.75
2016-06-07,8266.450195,8294.950195,8216.400391,8235.549805
2016-06-08,8273.049805,8288.900391,8252.049805,8285.5
2016-06-09,8203.599609,8273.349609,8184.600098,8273.349609
2016-06-10,8170.049805,8265.599609,8162.850098,8180.25
2016-06-13,8110.600098,8125.25,8063.899902,8102.25
2016-06-14,8108.850098,8134.950195,8069.5,8134.399902
2016-06-15,8206.599609,8213.200195,8123.149902,8139.399902
2016-06-16,8140.75,8180.649902,8074.450195,8180.649902
2016-06-17,8170.200195,8195.25,8135.799805,8176.649902
2016-06-20,8238.5,8244.150391,8107.350098,8115.75
2016-06-21,8219.900391,8257.25,8202.150391,8255.400391
2016-06-22,8203.700195,8238.349609,8153.25,8213.650391
2016-06-23,8270.450195,8285.599609,8188.299805,8201.150391
2016-06-24,8088.600098,8100.700195,7927.049805,8029.100098
2016-06-27,8094.700195,8120.649902,8039.350098,8039.350098
2016-06-28,8127.850098,8146.350098,8086.850098,8096.049805
2016-06-29,8204.0,8212.400391,8157.649902,8173.100098
2016-06-30,8287.75,8308.150391,8242.099609,8260.25
2016-07-01,8328.349609,8356.75,8308.650391,8313.049805
2016-07-04,8370.700195,8398.450195,8364.700195,8376.75
2016-07-05,8335.950195,8381.450195,8319.950195,8379.299805
2016-07-07,8337.900391,8361.950195,8317.700195,8342.0
2016-07-08,8323.200195,8353.299805,8287.549805,8350.0
2016-07-11,8467.900391,8475.25,8407.049805,8413.349609
2016-07-12,8521.049805,8526.599609,8479.200195,8502.599609
2016-07-13,8519.5,8550.25,8493.549805,8540.450195
2016-07-14,8565.0,8571.400391,8500.700195,8515.75
2016-07-15,8541.400391,8594.799805,8510.049805,8565.450195
2016-07-18,8508.700195,8587.099609,8494.349609,8564.049805
2016-07-19,8528.549805,8540.049805,8476.700195,8514.299805
2016-07-20,8565.849609,8569.900391,8512.549805,8515.450195
2016-07-21,8510.099609,8585.25,8503.450195,8582.700195
2016-07-22,8541.200195,8548.950195,8489.799805,8519.650391
2016-07-25,8635.650391,8641.150391,8517.200195,8519.950195
2016-07-26,8590.650391,8644.900391,8577.150391,8633.75
2016-07-27,8615.799805,8665.0,8572.049805,8599.400391
2016-07-28,8666.299805,8674.700195,8625.25,8636.950195
2016-07-29,8638.5,8670.349609,8631.150391,8668.299805
2016-08-01,8636.549805,8711.299805,8590.5,8654.299805
2016-08-02,8622.900391,8687.200195,8611.400391,8647.450195
2016-08-03,8544.849609,8635.450195,8529.599609,8635.200195
2016-08-04,8551.099609,8601.400391,8518.150391,8599.950195
2016-08-05,8683.150391,8689.400391,8590.150391,8600.200195
2016-08-08,8711.349609,8723.5,8697.599609,8712.849609
2016-08-09,8678.25,8728.349609,8638.200195,8727.799805
2016-08-10,8575.299805,8690.099609,8564.599609,8686.700195
2016-08-11,8592.150391,8601.150391,8540.049805,8572.799805
2016-08-12,,,,
2016-08-16,8642.549805,8682.349609,8600.450195,8670.25
2016-08-17,8624.049805,8667.099609,8603.599609,8639.799805
2016-08-18,8673.25,8690.700195,8645.049805,8648.849609
2016-08-19,8666.900391,8696.599609,8647.099609,8694.299805
2016-08-22,8629.150391,8684.849609,8614.0,8667.0
2016-08-23,8632.599609,8642.150391,8580.0,8628.349609
2016-08-24,8650.299805,8661.049805,8620.900391,8648.5
2016-08-25,8592.200195,8683.049805,8583.650391,8668.849609
2016-08-26,8572.549805,8622.950195,8547.549805,8614.349609
2016-08-29,8607.450195,8622.0,8543.75,8583.75
2016-08-30,8744.349609,8750.599609,8642.25,8646.75
2016-08-31,8786.200195,8819.200195,8754.049805,8754.049805
2016-09-01,8774.650391,8813.25,8759.950195,8793.599609
2016-09-02,8809.650391,8824.099609,8768.200195,8796.349609
2016-09-06,8943.0,8950.849609,8848.450195,8852.700195
2016-09-07,8917.950195,8968.700195,8913.349609,8968.700195
2016-09-08,8952.5,8960.349609,8896.0,8915.5
2016-09-09,8866.700195,8939.150391,8858.700195,8934.299805
2016-09-12,8715.599609,8746.950195,8699.400391,8732.950195
2016-09-14,8726.599609,8739.849609,8688.900391,8710.650391
2016-09-15,8742.549805,8751.950195,8704.349609,8743.849609
2016-09-16,8779.849609,8847.650391,8750.5,8780.849609
2016-09-19,8808.400391,8824.299805,8774.200195,8788.450195
2016-09-20,8775.900391,8816.450195,8759.299805,8816.099609
2016-09-21,8777.150391,8826.849609,8757.299805,8790.299805
2016-09-22,8867.450195,8893.349609,8837.799805,8873.349609
2016-09-23,8831.549805,8885.200195,8820.299805,8880.75
2016-09-26,8723.049805,8809.549805,8715.099609,8807.900391
2016-09-27,8706.400391,8768.5,8690.5,8748.900391
2016-09-28,8745.150391,8767.049805,8703.150391,8711.200195
2016-09-29,8591.25,8800.650391,8558.25,8792.700195
2016-09-30,8611.150391,8637.150391,8555.200195,8581.5
2016-10-03,8738.099609,8745.200195,8635.0,8666.150391
2016-10-04,8769.150391,8783.650391,8736.099609,8770.0
2016-10-05,8743.950195,8806.950195,8731.400391,8806.349609
2016-10-06,8709.549805,8781.150391,8684.650391,8768.700195
2016-10-07,8697.599609,8723.700195,8663.799805,8721.700195
2016-10-10,8708.799805,8745.799805,8703.950195,8735.349609
2016-10-13,8573.349609,8681.549805,8541.349609,8671.5
2016-10-14,8583.400391,8604.450195,8549.799805,8594.0
2016-10-17,8520.400391,8615.400391,8506.150391,8612.950195
2016-10-18,8677.900391,8685.099609,8555.900391,8556.049805
2016-10-19,8659.099609,8698.75,8636.700195,8697.5
2016-10-20,8699.400391,8727.0,8678.299805,8693.349609
2016-10-21,8693.049805,8709.099609,8652.049805,8708.599609
2016-10-24,8708.950195,8736.950195,8684.150391,8709.849609
2016-10-25,8691.299805,8722.650391,8663.450195,8721.700195
2016-10-26,8615.25,8657.299805,8596.599609,8657.299805
2016-10-27,8615.25,8624.849609,8550.25,8607.099609
2016-10-28,8638.0,8653.75,8581.75,8625.0
2016-11-01,8626.25,8669.599609,8614.5,8653.150391
2016-11-02,8514.0,8549.5,8504.849609,8542.799805
2016-11-03,8484.950195,8537.650391,8476.150391,8499.849609
2016-11-04,8433.75,8504.0,8400.25,8503.599609
2016-11-07,8497.049805,8535.849609,8481.450195,8535.75
2016-11-08,8543.549805,8559.400391,8480.099609,8540.0
2016-11-09,8432.0,8476.200195,8002.25,8067.5
2016-11-10,8525.75,8598.450195,8510.700195,8555.599609
2016-11-11,8296.299805,8460.599609,8284.950195,8456.650391
2016-11-15,8108.450195,8288.549805,8093.200195,8284.849609
2016-11-16,8111.600098,8210.049805,8089.399902,8205.650391
2016-11-17,8079.950195,8151.25,8060.299805,8105.100098
2016-11-18,8074.100098,8128.950195,8048.299805,8097.549805
2016-11-21,7929.100098,8102.450195,7916.399902,8102.100098
2016-11-22,8002.299805,8019.049805,7938.149902,7989.149902
2016-11-23,8033.299805,8055.200195,7973.100098,8051.200195
2016-11-24,7965.5,8024.850098,7952.549805,8011.799805
2016-11-25,8114.299805,8122.25,7976.75,8007.950195
2016-11-28,8126.899902,8146.5,8066.5,8080.649902
2016-11-29,8142.149902,8197.349609,8128.700195,8131.549805
2016-11-30,8224.5,8234.25,8139.25,8172.149902
2016-12-01,8192.900391,8250.799805,8185.049805,8244.0
2016-12-02,8086.799805,8159.299805,8070.049805,8153.549805
2016-12-05,8128.75,8141.899902,8056.850098,8088.75
2016-12-06,8143.149902,8178.700195,8130.850098,8153.149902
2016-12-07,8102.049805,8190.450195,8077.5,8168.399902
2016-12-08,8246.849609,8256.25,8151.75,8152.100098
2016-12-09,8261.75,8274.950195,8241.950195,8271.700195
2016-12-12,8170.799805,8230.650391,8154.450195,8230.650391
2016-12-13,8221.799805,8228.849609,8155.799805,8196.150391
2016-12-14,8182.450195,8229.400391,8165.100098,8229.349609
2016-12-15,8153.600098,8225.900391,8121.950195,8128.399902
2016-12-16,8139.450195,8178.700195,8127.450195,8178.200195
2016-12-19,8104.350098,8132.5,8094.850098,8126.0
2016-12-20,8082.399902,8124.100098,8062.75,8110.600098
2016-12-21,8061.299805,8112.549805,8053.25,8105.850098
2016-12-22,7979.100098,8046.450195,7964.950195,8043.850098
2016-12-23,7985.75,8022.600098,7942.049805,7972.5
2016-12-26,7908.25,7970.049805,7893.799805,7965.100098
2016-12-27,8032.850098,8044.649902,7903.700195,7915.049805
2016-12-28,8034.850098,8100.549805,8028.399902,8047.549805
2016-12-29,8103.600098,8111.100098,8020.799805,8030.600098
2016-12-30,8185.799805,8197.0,8114.75,8119.649902
2017-01-02,8179.5,8212.0,8133.799805,8210.099609
2017-01-03,8192.25,8219.099609,8148.600098,8196.049805
2017-01-04,8190.5,8218.5,8180.899902,8202.650391
2017-01-05,8273.799805,8282.650391,8223.700195,8226.650391
2017-01-06,8243.799805,8306.849609,8233.25,8281.849609
2017-01-09,8236.049805,8263.0,8227.75,8259.349609
2017-01-10,8288.599609,8293.799805,8261.0,8262.700195
2017-01-11,8380.650391,8389.0,8322.25,8327.799805
2017-01-12,8407.200195,8417.200195,8382.299805,8391.049805
2017-01-13,8400.349609,8461.049805,8373.150391,8457.650391
2017-01-16,8412.799805,8426.700195,8374.400391,8390.950195
2017-01-17,8398.0,8440.900391,8378.299805,8415.049805
2017-01-18,8417.0,8460.299805,8397.400391,8403.849609
2017-01-19,8435.099609,8445.150391,8404.049805,8418.400391
2017-01-20,8349.349609,8423.650391,8340.950195,8404.349609
2017-01-23,8391.5,8404.150391,8327.200195,8329.599609
2017-01-24,8475.799805,8480.950195,8398.150391,8407.049805
2017-01-25,8602.75,8612.599609,8493.950195,8499.450195
2017-01-27,8641.25,8672.700195,8606.900391,8610.5
2017-01-30,8632.75,8662.599609,8617.75,8635.549805
2017-01-31,8561.299805,8631.75,8552.400391,8629.450195
2017-02-01,8716.400391,8722.400391,8537.5,8570.349609
2017-02-02,8734.25,8757.599609,8685.799805,8724.75
2017-02-03,8740.950195,8748.25,8707.75,8735.150391
2017-02-06,8801.049805,8814.099609,8770.200195,8785.450195
2017-02-07,8768.299805,8809.299805,8741.049805,8805.700195
2017-02-08,8769.049805,8791.25,8715.0,8774.549805
2017-02-09,8778.400391,8821.400391,8724.099609,8795.549805
2017-02-10,8793.549805,8822.099609,8771.200195,8812.349609
2017-02-13,8805.049805,8826.900391,8754.200195,8819.799805
2017-02-14,8792.299805,8820.450195,8772.5,8819.900391
2017-02-15,8724.700195,8807.900391,8712.849609,8778.950195
2017-02-16,8778.0,8783.950195,8719.599609,8739.0
2017-02-17,8821.700195,8896.450195,8804.25,8883.700195
2017-02-20,8879.200195,8886.25,8809.799805,8818.549805
2017-02-21,8907.849609,8920.799805,8860.950195,8890.75
2017-02-22,8926.900391,8960.75,8905.25,8931.599609
2017-02-23,8939.5,8982.150391,8927.549805,8956.400391
2017-02-27,8896.700195,8951.799805,8888.650391,8943.700195
2017-02-28,8879.599609,8914.75,8867.599609,8898.950195
2017-03-01,8945.799805,8960.799805,8898.599609,8904.400391
2017-03-02,8899.75,8992.5,8879.799805,8982.849609
2017-03-03,8897.549805,8907.099609,8860.099609,8883.5
2017-03-06,8963.450195,8967.799805,8914.0,8915.099609
2017-03-07,8946.900391,8977.849609,8932.799805,8977.75
2017-03-08,8924.299805,8957.049805,8891.950195,8950.700195
2017-03-09,8927.0,8945.799805,8899.5,8914.5
2017-03-10,8934.549805,8975.700195,8903.950195,8953.700195
2017-03-14,9087.0,9122.75,9060.5,9091.650391
2017-03-15,9084.799805,9106.549805,9075.5,9086.849609
2017-03-16,9153.700195,9158.450195,9128.549805,9129.650391
2017-03-17,9160.049805,9218.400391,9147.599609,9207.799805
2017-03-20,9126.849609,9167.599609,9116.299805,9166.950195
2017-03-21,9121.5,9147.75,9087.200195,9133.950195
2017-03-22,9030.450195,9072.900391,9019.299805,9047.200195
2017-03-23,9086.299805,9099.049805,9048.599609,9048.75
2017-03-24,9108.0,9133.549805,9089.400391,9104.0
2017-03-27,9045.200195,9094.849609,9024.650391,9093.450195
2017-03-28,9100.799805,9110.400391,9079.799805,9081.5
2017-03-29,9143.799805,9153.150391,9109.099609,9128.700195
2017-03-30,9173.75,9183.150391,9136.349609,9142.599609
2017-03-31,9173.75,9191.700195,9152.099609,9158.900391
2017-04-03,9237.849609,9245.349609,9192.400391,9220.599609
2017-04-05,9265.150391,9273.900391,9215.400391,9264.400391
2017-04-06,9261.950195,9267.950195,9218.849609,9245.799805
2017-04-07,9198.299805,9250.5,9188.099609,9223.700195
2017-04-10,9181.450195,9225.650391,9174.849609,9225.599609
2017-04-11,9237.0,9242.700195,9172.849609,9184.549805
2017-04-12,9203.450195,9246.400391,9161.799805,9242.5
2017-04-13,9150.799805,9202.650391,9144.950195,9202.5
2017-04-17,9139.299805,9160.0,9120.25,9144.75
2017-04-18,9105.150391,9217.900391,9095.450195,9163.0
2017-04-19,9103.5,9120.5,9075.150391,9112.200195
2017-04-20,9136.400391,9143.900391,9102.650391,9108.099609
2017-04-21,9119.400391,9183.650391,9088.75,9179.099609
2017-04-24,9217.950195,9225.400391,9130.549805,9135.349609
2017-04-25,9306.599609,9309.200195,9250.349609,9273.049805
2017-04-26,9351.849609,9367.0,9301.349609,9336.200195
2017-04-27,9342.150391,9367.150391,9322.650391,9359.150391
2017-04-28,9304.049805,9342.650391,9282.25,9340.950195
2017-05-02,9313.799805,9352.549805,9269.900391,9339.849609
2017-05-03,9311.950195,9346.299805,9298.400391,9344.700195
2017-05-04,9359.900391,9365.650391,9323.25,9360.950195
2017-05-05,9285.299805,9377.099609,9272.0,9374.549805
2017-05-08,9314.049805,9338.700195,9297.950195,9311.450195
2017-05-09,9316.849609,9338.950195,9307.700195,9337.349609
2017-05-10,9407.299805,9414.75,9336.0,9339.650391
2017-05-11,9422.400391,9450.650391,9411.299805,9448.599609
2017-05-12,9400.900391,9437.75,9372.549805,9436.650391
2017-05-15,9445.400391,9449.25,9423.099609,9433.549805
2017-05-16,9512.25,9517.200195,9456.349609,9461.0
2017-05-17,9525.75,9532.599609,9486.099609,9517.599609
2017-05-18,9429.450195,9489.099609,9418.099609,9453.200195
2017-05-19,9427.900391,9505.75,9390.75,9469.900391
2017-05-22,9438.25,9498.650391,9427.900391,9480.25
2017-05-23,9386.150391,9448.049805,9370.0,9445.049805
2017-05-24,9360.549805,9431.900391,9341.650391,9410.900391
2017-05-25,9509.75,9523.299805,9379.200195,9384.049805
2017-05-26,9595.099609,9604.900391,9495.400391,9507.75
2017-05-29,9604.900391,9637.75,9547.700195,9560.049805
2017-05-30,9624.549805,9635.299805,9581.200195,9590.650391
2017-05-31,9621.25,9649.599609,9609.25,9636.549805
2017-06-01,9616.099609,9634.650391,9589.900391,9603.549805
2017-06-02,9653.5,9673.5,9637.450195,9657.150391
2017-06-05,9675.099609,9687.200195,9640.700195,9656.299805
2017-06-06,9637.150391,9709.299805,9630.200195,9704.25
2017-06-07,9663.900391,9678.549805,9630.549805,9663.950195
2017-06-08,9647.25,9688.700195,9641.5,9682.400391
2017-06-09,9668.25,9676.25,9608.150391,9638.549805
2017-06-12,9616.400391,9647.049805,9598.5,9646.700195
2017-06-13,9606.900391,9654.150391,9595.400391,9615.549805
2017-06-14,9618.150391,9627.400391,9580.450195,9621.549805
2017-06-15,9578.049805,9621.400391,9560.799805,9617.900391
2017-06-16,9588.049805,9615.849609,9565.5,9595.450195
2017-06-19,9657.549805,9673.299805,9614.900391,9626.400391
2017-06-20,9653.5,9676.5,9643.75,9670.5
2017-06-21,9633.599609,9650.450195,9608.599609,9648.099609
2017-06-22,9630.0,9698.849609,9617.75,9642.650391
2017-06-23,9574.950195,9647.650391,9565.299805,9643.25
2017-06-27,9511.400391,9615.400391,9473.450195,9594.049805
2017-06-28,9491.25,9522.5,9474.349609,9520.200195
2017-06-29,9504.099609,9575.799805,9493.799805,9522.950195
2017-06-30,9520.900391,9535.799805,9448.75,9478.5
2017-07-03,9615.0,9624.0,9543.549805,9587.950195
2017-07-04,9613.299805,9650.650391,9595.5,9645.900391
2017-07-05,9637.599609,9643.650391,9607.349609,9619.75
2017-07-06,9674.549805,9700.700195,9639.950195,9653.599609
2017-07-07,9665.799805,9684.25,9642.650391,9670.349609
2017-07-10,9771.049805,9782.150391,9646.450195,9719.299805
2017-07-11,9786.049805,9830.049805,9778.849609,9797.450195
2017-07-12,9816.099609,9824.950195,9787.700195,9807.299805
2017-07-13,9891.700195,9897.25,9853.450195,9855.799805
2017-07-14,9886.349609,9913.299805,9845.450195,9913.299805
2017-07-17,9915.950195,9928.200195,9894.700195,9908.150391
2017-07-18,9827.150391,9885.349609,9792.049805,9832.700195
2017-07-19,9899.599609,9905.049805,9851.650391,9855.950195
2017-07-20,9873.299805,9922.549805,9863.450195,9920.200195
2017-07-21,9915.25,9924.700195,9838.0,9899.599609
2017-07-24,9966.400391,9982.049805,9919.599609,9936.799805
2017-07-25,9964.549805,10011.299805,9949.099609,10010.549805
2017-07-26,10020.650391,10025.950195,9965.950195,9983.650391
2017-07-27,10020.549805,10114.849609,10005.5,10063.25
2017-07-28,10014.5,10026.049805,9944.5,9996.549805
2017-07-31,10077.099609,10085.900391,10016.950195,10034.700195
2017-08-01,10114.650391,10128.599609,10065.75,10101.049805
2017-08-02,10081.5,10137.849609,10054.200195,10136.299805
2017-08-03,10013.650391,10081.150391,9998.25,10081.150391
2017-08-04,10066.400391,10075.25,9988.349609,10008.599609
2017-08-07,10057.400391,10088.099609,10046.349609,10074.799805
2017-08-08,9978.549805,10083.799805,9947.0,10068.349609
2017-08-09,9908.049805,9969.799805,9893.049805,9961.150391
2017-08-10,9820.25,9892.650391,9776.200195,9872.849609
2017-08-11,9710.799805,9771.650391,9685.549805,9712.150391
2017-08-14,9794.150391,9818.299805,9752.099609,9755.75
2017-08-16,9897.299805,9903.950195,9773.849609,9825.849609
2017-08-17,9904.150391,9947.799805,9883.75,9945.549805
2017-08-18,9837.400391,9865.950195,9783.650391,9865.950195
2017-08-21,9754.349609,9884.349609,9740.099609,9864.25
2017-08-22,9765.549805,9828.450195,9752.599609,9815.75
2017-08-23,9852.5,9857.900391,9786.75,9803.049805
2017-08-24,9857.049805,9881.5,9848.849609,9881.200195
2017-08-28,9912.799805,9925.75,9882.0,9907.150391
2017-08-29,9796.049805,9887.349609,9783.75,9886.400391
2017-08-30,9884.400391,9909.450195,9850.799805,9859.5
2017-08-31,9917.900391,9925.099609,9856.950195,9905.700195
2017-09-01,9974.400391,9983.450195,9909.849609,9937.650391
2017-09-04,9912.849609,9988.400391,9861.0,9984.150391
2017-09-05,9952.200195,9963.099609,9901.049805,9933.25
2017-09-06,9916.200195,9931.549805,9882.549805,9899.25
2017-09-07,9929.900391,9964.849609,9917.200195,9945.849609
2017-09-08,9934.799805,9963.599609,9913.299805,9958.650391
2017-09-11,10006.049805,10028.650391,9968.799805,9971.75
2017-09-12,10093.049805,10097.549805,10028.049805,10056.849609
2017-09-13,10079.299805,10131.950195,10063.150391,10099.25
2017-09-14,10086.599609,10126.5,10070.349609,10107.400391
2017-09-15,10085.400391,10115.150391,10043.650391,10062.349609
2017-09-18,10153.099609,10171.700195,10131.299805,10133.099609
2017-09-19,10147.549805,10178.950195,10129.950195,10175.599609
2017-09-20,10141.150391,10171.049805,10134.200195,10160.950195
2017-09-21,10121.900391,10158.900391,10058.599609,10139.599609
2017-09-22,9964.400391,10095.049805,9952.799805,10094.349609
2017-09-25,9872.599609,9960.5,9816.049805,9960.099609
2017-09-26,9871.5,9891.349609,9813.0,9875.25
2017-09-27,9735.75,9921.049805,9714.400391,9920.599609
2017-09-28,9768.950195,9789.200195,9687.549805,9736.400391
2017-09-29,9788.599609,9854.0,9775.349609,9814.299805
2017-10-03,9859.5,9895.400391,9831.049805,9893.299805
2017-10-04,9914.900391,9938.299805,9850.650391,9884.349609
2017-10-05,9888.700195,9945.950195,9881.849609,9927.0
2017-10-06,9979.700195,9989.349609,9906.599609,9908.150391
2017-10-09,9988.75,10015.75,9959.450195,9988.200195
2017-10-10,10016.950195,10034.0,10002.299805,10013.700195
2017-10-11,9984.799805,10067.25,9955.799805,10042.599609
2017-10-12,10096.400391,10104.450195,9977.099609,10011.200195
2017-10-13,10167.450195,10191.900391,10120.099609,10123.700195
2017-10-16,10230.849609,10242.950195,10175.099609,10207.400391
2017-10-17,10234.450195,10251.849609,10212.599609,10227.650391
2017-10-18,10210.849609,10236.450195,10175.75,10209.400391
2017-10-19,10146.549805,10211.950195,10123.349609,10210.349609
2017-10-23,10184.849609,10224.150391,10124.5,10176.650391
2017-10-24,10207.700195,10237.75,10182.400391,10218.549805
2017-10-25,10295.349609,10340.549805,10240.900391,10321.150391
2017-10-26,10343.799805,10355.650391,10271.849609,10291.799805
2017-10-27,10323.049805,10366.150391,10311.299805,10362.299805
2017-10-30,10363.650391,10384.5,10344.299805,10353.849609
2017-10-31,10335.299805,10367.700195,10323.950195,10364.900391
2017-11-01,10440.5,10451.650391,10383.049805,10390.349609
2017-11-02,10423.799805,10453.0,10412.549805,10440.5
2017-11-03,10452.5,10461.700195,10403.599609,10461.549805
2017-11-06,10451.799805,10490.450195,10413.75,10431.75
2017-11-07,10350.150391,10485.75,10340.799805,10477.150391
2017-11-08,10303.150391,10384.25,10285.5,10361.950195
2017-11-09,10308.950195,10368.450195,10266.950195,10358.650391
2017-11-10,10321.75,10344.950195,10254.099609,10304.349609
2017-11-13,10224.950195,10334.150391,10216.25,10322.0
2017-11-14,10186.599609,10248.0,10175.549805,10223.400391
2017-11-15,10118.049805,10175.450195,10094.0,10171.950195
2017-11-16,10214.75,10232.25,10139.200195,10152.900391
2017-11-17,10283.599609,10343.599609,10268.049805,10324.549805
2017-11-20,10298.75,10309.849609,10261.5,10287.200195
2017-11-21,10326.900391,10358.700195,10315.049805,10329.25
2017-11-22,10342.299805,10368.700195,10309.549805,10350.799805
2017-11-23,10348.75,10374.299805,10307.299805,10358.450195
2017-11-24,10389.700195,10404.5,10362.25,10366.799805
2017-11-27,10399.549805,10407.150391,10340.200195,10361.049805
2017-11-28,10370.25,10409.549805,10355.200195,10387.900391
2017-11-29,10361.299805,10392.950195,10345.900391,10376.650391
2017-11-30,10226.549805,10332.700195,10211.25,10332.700195
2017-12-01,10121.799805,10272.700195,10108.549805,10263.700195
2017-12-04,10127.75,10179.200195,10095.700195,10175.049805
2017-12-05,10118.25,10147.950195,10069.099609,10118.25
2017-12-06,10044.099609,10104.200195,10033.349609,10088.799805
2017-12-07,10166.700195,10182.650391,10061.900391,10063.450195
2017-12-08,10265.650391,10270.849609,10195.25,10198.450195
2017-12-11,10322.25,10329.200195,10282.049805,10310.5
2017-12-12,10240.150391,10326.099609,10230.200195,10324.900391
2017-12-13,10192.950195,10296.549805,10169.849609,10236.599609
2017-12-14,10252.099609,10276.099609,10141.549805,10229.299805
2017-12-15,10333.25,10373.099609,10319.650391,10345.650391
2017-12-18,10388.75,10443.549805,10074.799805,10263.099609
2017-12-19,10463.200195,10472.200195,10406.0,10414.799805
2017-12-20,10444.200195,10494.450195,10437.150391,10494.400391
2017-12-21,10440.299805,10473.950195,10426.900391,10473.950195
2017-12-22,10493.0,10501.099609,10448.25,10457.299805
2017-12-26,10531.5,10545.450195,10477.950195,10512.299805
2017-12-27,10490.75,10552.400391,10469.25,10531.049805
2017-12-28,10477.900391,10534.549805,10460.450195,10498.200195
2017-12-29,10530.700195,10538.700195,10488.650391,10492.349609
2018-01-01,,,,
2018-01-02,10442.200195,10495.200195,10404.650391,10477.549805
2018-01-03,10443.200195,10503.599609,10429.549805,10482.650391
2018-01-04,10504.799805,10513.0,10441.450195,10469.400391
2018-01-05,10558.849609,10566.099609,10520.099609,10534.25
2018-01-08,10623.599609,10631.200195,10588.549805,10591.700195
2018-01-09,10637.0,10659.150391,10603.599609,10645.099609
2018-01-10,10632.200195,10655.5,10592.700195,10652.049805
2018-01-11,10651.200195,10664.599609,10612.349609,10637.049805
2018-01-12,10681.25,10690.400391,10597.099609,10682.549805
2018-01-15,10741.549805,10782.650391,10713.799805,10718.5
2018-01-16,10700.450195,10762.349609,10687.849609,10761.5
2018-01-17,10788.549805,10803.0,10666.75,10702.450195
2018-01-18,10817.0,10887.5,10782.400391,10873.400391
2018-01-19,10894.700195,10906.849609,10793.900391,10829.200195
